,report_no,offense,orc,date,block_begin,block_end,street_name,neighborhood,month,year,address,block_avg
81,129024375.02,telecommunications harassment,2917-21 (90z) -telecommunications harassment,2012-08-28 12:00:00,,,nan,millvale,08,2012,,
249,31012328.01,domestic violence -(simple assault),2919-25 (13b) -domestic violence -(simple assault),2010-12-10 22:05:00,,,nan,-,12,2010,,
352,139024300.02,telecommunications harassment,2917-21 (90z) -telecommunications harassment,2013-09-07 23:50:00,,,nan,west price hill,09,2013,,
552,149021285.03,criminal damaging/endangering,2909-06 (290) -criminal damaging/endangering,2014-08-26 07:50:00,,,nan,mount airy,08,2014,,
1716,51105300.02,felonious assault -(aggravated assault),2903-11 (13a) -felonious assault -(aggravated assault),2011-09-20 14:50:00,,,nan,camp  washington,09,2011,,
2319,139013771.01,aggravated vehicular homicide vehicular homicide vehicular manslaughter,2903-06 (90z) -aggravated vehicular homicide vehicular homicide vehicular manslaughter,2013-05-31 20:13:00,,,nan,c. b. d. / riverfront,05,2013,,
2410,149025838.01,felonious assault -(aggravated assault),2903-11 (13a) -felonious assault -(aggravated assault),2014-10-10 16:15:00,,,nan,bondhill,10,2014,,
3165,179010954.01,criminal damaging/endangering,2909-06 (290) -criminal damaging/endangering,2017-03-31 09:40:00,,,nan,oakley,03,2017,,
3691,139026653.01,theft -(from motor vehicle),2913-02 (23f) -theft -(from motor vehicle),2013-04-07 22:00:00,,,nan,west price hill,04,2013,,
3860,179012417.01,aggravated menacing,2903-21 (13c) -aggravated menacing,2017-04-10 17:38:00,,,nan,queensgate,04,2017,,
4376,129018809.01,criminal damaging/endangering,2909-06 (290) -criminal damaging/endangering,2012-07-06 15:30:00,,,nan,c. b. d. / riverfront,07,2012,,
4401,31105424.02,vandalism,2909-05 (290) -vandalism,2011-06-23 10:50:00,,,nan,fay apartments,06,2011,,
4441,51102823.01,criminal damaging/endangering,2909-06 (290) -criminal damaging/endangering,2011-05-16 07:00:00,,,nan,mount airy,05,2011,,
5125,11104166.02,breaking and entering,2911-13 (220) -breaking and entering,2011-10-12 20:00:00,,,nan,west  end,10,2011,,
5418,21004903.02,assault -(simple assault),2903-13 (13b) -assault -(simple assault),2010-11-02 15:00:00,,,nan,oakley,11,2010,,
5968,159033748.01,criminal damaging/endangering,2909-06 (290) -criminal damaging/endangering,2015-12-17 08:20:00,,,nan,oakley,12,2015,,
6299,129002354.03,criminal damaging/endangering,2909-06 (290) -criminal damaging/endangering,2012-01-20 23:30:00,,,nan,walnut hills,01,2012,,
6325,21101938.02,criminal damaging/endangering,2909-06 (290) -criminal damaging/endangering,2011-05-07 13:00:00,,,nan,oakley,05,2011,,
7571,129029671.01,theft -(from motor vehicle),2913-02 (23f) -theft -(from motor vehicle),2012-10-10 22:00:00,,,nan,clifton/university heights,10,2012,,
8285,11103865.02,breaking and entering,2911-13 (220) -breaking and entering,2011-09-19 14:00:00,,,nan,pendleton,09,2011,,
8639,169009943.01,aggravated menacing,2903-21 (13c) -aggravated menacing,2016-04-27 17:20:00,,,nan,evanston,04,2016,,
8742,149019616.01,criminal damaging/endangering,2909-06 (290) -criminal damaging/endangering,2014-08-11 00:45:00,,,nan,walnut hills,08,2014,,
9163,129000310.04,theft -(theft from building),2913-02 (23d) -theft -(theft from building),2012-01-01 14:00:00,,,nan,walnut hills,01,2012,,
9474,21003022.01,theft -(shoplifting),2913-02 (23c) -theft -(shoplifting),2010-07-13 16:59:00,,,nan,oakley,07,2010,,
9689,129025885.02,telecommunications harassment,2917-21 (90z) -telecommunications harassment,2012-09-04 06:10:00,,,nan,college  hill,09,2012,,
9696,11005359.02,felonious assault -(aggravated assault),2903-11 (13a) -felonious assault -(aggravated assault),2010-11-22 21:58:00,,,nan,west  end,11,2010,,
10158,21100937.01,theft -(shoplifting),2913-02 (23c) -theft -(shoplifting),2011-02-27 17:00:00,,,nan,oakley,02,2011,,
10457,21005097.01,theft -(shoplifting),2913-02 (23c) -theft -(shoplifting),2010-11-14 16:29:00,,,nan,oakley,11,2010,,
11697,129024514.01,criminal damaging/endangering,2909-06 (290) -criminal damaging/endangering,2012-08-17 17:40:00,,,nan,northside,08,2012,,
11731,129029657.01,theft -(from motor vehicle),2913-02 (23f) -theft -(from motor vehicle),2012-10-10 22:00:00,,,nan,clifton/university heights,10,2012,,
11843,139029266.02,robbery,2911-02 (120) -robbery,2013-10-25 19:15:00,,,nan,clifton,10,2013,,
11899,149027571.01,theft -(all other larceny),2913-02 (23h) -theft -(all other larceny),2014-10-27 12:00:00,,,nan,clifton,10,2014,,
12219,139023862.01,criminal damaging/endangering,2909-06 (290) -criminal damaging/endangering,2013-08-31 00:45:00,,,nan,roselawn,08,2013,,
12339,149003986.01,aggravated vehicular homicide vehicular homicide vehicular manslaughter,2903-06 (90z) -aggravated vehicular homicide vehicular homicide vehicular manslaughter,2014-02-20 22:07:00,,,nan,queensgate,02,2014,,
13089,159026090.02,theft -(all other larceny),2913-02 (23h) -theft -(all other larceny),2015-09-23 05:10:00,,,nan,queensgate,09,2015,,
14702,159019599.01,vehicular vandalism,2909-09 (290) -vehicular vandalism,2015-07-25 19:30:00,,,nan,avondale,07,2015,,
14875,41007714.03,theft -(motor vehicle),2913-02 (24o) -theft -(motor vehicle),2010-11-30 14:30:00,,,nan,walnut hills,11,2010,,
15100,51103093.01,receiving stolen property,2913-51 (280) -receiving stolen property,2011-06-06 04:30:00,,,nan,camp  washington,06,2011,,
15733,51007590.03,assault -(simple assault),2903-13 (13b) -assault -(simple assault),2010-12-16 00:30:00,,,nan,clifton,12,2010,,
17188,41006171.02,theft -(motor vehicle),2913-02 (24o) -theft -(motor vehicle),2010-09-24 02:00:00,,,nan,o'bryonville,09,2010,,
17556,21004888.02,robbery,2911-02 (120) -robbery,2010-11-02 21:30:00,,,nan,oakley,11,2010,,
17792,139023064.01,theft -(from motor vehicle),2913-02 (23f) -theft -(from motor vehicle),2013-08-24 13:00:00,,,nan,west  end,08,2013,,
17882,41105196.02,domestic violence -(simple assault),2919-25 (13b) -domestic violence -(simple assault),2011-08-12 20:35:00,,,nan,roselawn,08,2011,,
17897,11003152.02,criminal damaging/endangering,2909-06 (290) -criminal damaging/endangering,2010-07-19 13:30:00,,,nan,queensgate,07,2010,,
18097,129033317.02,robbery,2911-02 (120) -robbery,2012-11-14 13:15:00,,,nan,c. b. d. / riverfront,11,2012,,
18633,139020191.02,theft -(motor vehicle),2913-02 (24o) -theft -(motor vehicle),2013-07-25 00:01:00,,,nan,bondhill,07,2013,,
18654,169028007.01,aggravated vehicular homicide vehicular homicide vehicular manslaughter,2903-06 (90z) -aggravated vehicular homicide vehicular homicide vehicular manslaughter,2016-07-14 10:53:00,,,nan,queensgate,07,2016,,
19249,149025287.02,aggravated robbery,2911-01 (120) -aggravated robbery,2014-10-05 02:10:00,,,nan,clifton/university heights,10,2014,,
21709,11002851.03,felonious assault -(aggravated assault),2903-11 (13a) -felonious assault -(aggravated assault),2010-07-05 19:48:00,,,nan,-,07,2010,,
21828,51006522.01,theft -(from motor vehicle),2913-02 (23f) -theft -(from motor vehicle),2010-10-22 14:00:00,,,nan,northside,10,2010,,
22437,41102426.03,criminal damaging/endangering,2909-06 (290) -criminal damaging/endangering,2011-04-23 20:55:00,,,nan,roselawn,04,2011,,
22522,51100534.02,assault -(simple assault),2903-13 (13b) -assault -(simple assault),2011-01-28 01:25:00,,,nan,camp  washington,01,2011,,
22707,159014807.01,criminal damaging/endangering,2909-06 (290) -criminal damaging/endangering,2015-06-10 21:55:00,,,nan,mount  adams,06,2015,,
24551,129031424.01,criminal damaging/endangering,2909-06 (290) -criminal damaging/endangering,2012-10-27 09:00:00,,,nan,west price hill,10,2012,,
25110,41102811.02,assault -(aggravated assault),2903-13 (13a) -assault -(aggravated assault),2011-05-05 19:05:00,,,nan,walnut hills,05,2011,,
25639,31006239.02,domestic violence -(simple assault),2919-25 (13b) -domestic violence -(simple assault),2010-07-03 11:00:00,,,nan,east price hill,07,2010,,
26274,11005408.02,theft -(motor vehicle),2913-02 (24o) -theft -(motor vehicle),2010-11-24 02:30:00,,,nan,queensgate,11,2010,,
26680,159004494.01,rape -(forcible rape),2907-02 (11a) -rape -(forcible rape),2015-01-12 00:01:00,,,nan,-,01,2015,,
26875,51006599.02,criminal damaging/endangering,2909-06 (290) -criminal damaging/endangering,2010-10-25 07:55:00,,,nan,northside,10,2010,,
27388,179044309.02,rape -(forcible rape),2907-02 (11a) -rape -(forcible rape),2017-10-06 15:30:00,,,nan,roselawn,10,2017,,
27658,129025868.01,assault -(simple assault),2903-13 (13b) -assault -(simple assault),2012-09-09 00:40:00,,,nan,mount  adams,09,2012,,
27718,129029072.01,felonious assault -(simple assault),2903-11 (13b) -felonious assault -(simple assault),2012-10-07 17:40:00,,,nan,camp  washington,10,2012,,
27794,21004733.01,theft -(shoplifting),2913-02 (23c) -theft -(shoplifting),2010-10-24 01:20:00,,,nan,oakley,10,2010,,
28487,21005569.03,theft -(shoplifting),2913-02 (23c) -theft -(shoplifting),2010-12-10 08:15:00,,,nan,oakley,12,2010,,
28667,41006204.01,criminal damaging/endangering,2909-06 (290) -criminal damaging/endangering,2010-09-29 21:50:00,,,nan,walnut hills,09,2010,,
29255,41105862.02,breaking and entering,2911-13 (220) -breaking and entering,2011-09-12 03:00:00,,,nan,roselawn,09,2011,,
29458,41101357.02,assault -(simple assault),2903-13 (13b) -assault -(simple assault),2011-02-22 14:05:00,,,nan,hartwell,02,2011,,
29584,129028536.01,theft -(from motor vehicle),2913-02 (23f) -theft -(from motor vehicle),2012-10-01 18:00:00,,,nan,mt.  lookout,10,2012,,
29649,139013026.01,assault -(simple assault),2903-13 (13b) -assault -(simple assault),2013-05-25 20:46:00,,,nan,queensgate,05,2013,,
29840,21103989.02,"vehicular vandalism _ drop or throw any object at, onto, or in the path of any vehicle, street car, or trackless trolley on a highway","2909-09b1 (290) -vehicular vandalism _ drop or throw any object at, onto, or in the path of any vehicle, street car, or trackless trolley on a highway",2011-09-13 20:35:00,,,nan,evanston,09,2011,,
29875,41100465.02,aggravated menacing,2903-21 (13c) -aggravated menacing,2011-01-23 02:05:00,,,nan,corryville,01,2011,,
30199,139027439.01,failure to comply with order or signal of p-o-_ elude or flee,2921-331b (90z) -failure to comply with order or signal of p-o-_ elude or flee,2013-10-07 09:33:00,,,nan,camp  washington,10,2013,,
30662,31104657.02,aggravated menacing,2903-21 (13c) -aggravated menacing,2011-06-02 16:00:00,,,nan,fay apartments,06,2011,,
31379,129000120.01,criminal damaging/endangering,2909-06 (290) -criminal damaging/endangering,2012-01-03 18:00:00,,,nan,west price hill,01,2012,,
32124,129005616.02,theft -(motor vehicle),2913-02 (24o) -theft -(motor vehicle),2012-03-02 00:01:00,,,nan,mt.  washington,03,2012,,
33284,169027758.01,vehicular vandalism,2909-09 (290) -vehicular vandalism,2016-10-23 21:40:00,,,nan,evanston,10,2016,,
33404,169006328.02,assault -(simple assault),2903-13 (13b) -assault -(simple assault),2016-03-18 12:45:00,,,nan,s.. cumminsville,03,2016,,
33939,41105989.02,robbery,2911-02 (120) -robbery,2011-09-17 20:00:00,,,nan,roselawn,09,2011,,
33992,129012555.01,criminal damaging/endangering,2909-06 (290) -criminal damaging/endangering,2012-05-12 00:37:00,,,nan,queensgate,05,2012,,
34280,21003392.01,theft -(theft from building),2913-02 (23d) -theft -(theft from building),2010-07-19 17:00:00,,,nan,east walnut hills,07,2010,,
34299,169020470.01,criminal damaging/endangering,2909-06 (290) -criminal damaging/endangering,2016-08-11 14:26:00,,,nan,walnut hills,08,2016,,
34474,31105549.03,criminal damaging/endangering,2909-06 (290) -criminal damaging/endangering,2011-06-28 03:40:00,,,nan,fay apartments,06,2011,,
35248,41102436.02,criminal damaging/endangering,2909-06 (290) -criminal damaging/endangering,2011-04-23 20:55:00,,,nan,roselawn,04,2011,,
35454,179003133.03,criminal damaging/endangering,2909-06 (290) -criminal damaging/endangering,2017-02-01 15:00:00,,,nan,evanston,02,2017,,
35518,51107319.01,sexual battery -(forcible rape),2907-03 (11a) -sexual battery -(forcible rape),2011-12-17 15:00:00,,,nan,college  hill,12,2011,,
35977,41007243.02,vehicular vandalism,2909-09 (290) -vehicular vandalism,2010-11-09 17:30:00,,,nan,walnut hills,11,2010,,
35989,169031664.02,theft -(all other larceny),2913-02 (23h) -theft -(all other larceny),2016-12-03 19:00:00,,,nan,-,12,2016,,
36359,179033938.01,criminal damaging/endangering,2909-06 (290) -criminal damaging/endangering,2017-08-22 11:45:00,,,nan,evanston,08,2017,,
36631,11101473.02,aggravated menacing,2903-21 (13c) -aggravated menacing,2011-04-17 17:45:00,,,nan,queensgate,04,2011,,
36847,139001153.02,criminal damaging/endangering,2909-06 (290) -criminal damaging/endangering,2013-01-14 14:00:00,,,nan,west  end,01,2013,,
37624,169004931.02,gross sexual imposition,2907-05 (11d) -gross sexual imposition,2016-02-16 14:30:30,,,nan,queensgate,02,2016,,
37683,159006627.01,assault -(simple assault),2903-13 (13b) -assault -(simple assault),2015-03-20 23:55:00,,,nan,walnut hills,03,2015,,
38191,149020604.01,theft -(from motor vehicle),2913-02 (23f) -theft -(from motor vehicle),2014-08-19 18:00:00,,,nan,fairview,08,2014,,
38209,169016358.01,vehicular vandalism,2909-09 (290) -vehicular vandalism,2016-07-04 12:26:00,,,nan,carthage,07,2016,,
38878,51104056.04,assault -(simple assault),2903-13 (13b) -assault -(simple assault),2011-07-21 15:40:00,,,nan,camp  washington,07,2011,,
39158,139025907.01,theft -(all other larceny),2913-02 (23h) -theft -(all other larceny),2013-09-16 09:00:00,,,nan,westwood,09,2013,,
39237,169022670.01,criminal damaging/endangering,2909-06 (290) -criminal damaging/endangering,2016-09-02 12:00:00,,,nan,walnut hills,09,2016,,
39422,179022357.01,criminal damaging/endangering,2909-06 (290) -criminal damaging/endangering,2017-06-09 00:34:00,,,nan,walnut hills,06,2017,,
39950,31108839.01,felonious assault -(simple assault),2903-11 (13b) -felonious assault -(simple assault),2011-10-09 17:05:00,,,nan,westwood,10,2011,,
40335,21004487.01,theft -(shoplifting),2913-02 (23c) -theft -(shoplifting),2010-10-09 14:30:00,,,nan,oakley,10,2010,,
40494,169028031.01,criminal damaging/endangering,2909-06 (290) -criminal damaging/endangering,2016-10-26 15:30:00,,,nan,c. b. d. / riverfront,10,2016,,
41014,21105530.02,theft -(all other larceny),2913-02 (23h) -theft -(all other larceny),2011-12-31 22:00:00,,,nan,evanston,12,2011,,
41995,129020438.01,felonious assault -(aggravated assault),2903-11 (13a) -felonious assault -(aggravated assault),2012-07-18 18:25:00,,,nan,walnut hills,07,2012,,
42000,169004232.01,criminal damaging/endangering,2909-06 (290) -criminal damaging/endangering,2016-02-22 18:30:00,,,nan,northside,02,2016,,
42007,61100368.01,theft -(all other larceny),2913-02 (23h) -theft -(all other larceny),2011-08-23 13:00:00,,,nan,westwood,08,2011,,
42659,11104088.03,burglary,2911-12 (220) -burglary,2011-10-07 10:00:00,,,nan,over-the-rhine,10,2011,,
43262,129020233.01,criminal damaging/endangering,2909-06 (290) -criminal damaging/endangering,2012-07-21 15:30:00,,,nan,east  end,07,2012,,
43700,139026928.01,criminal damaging/endangering,2909-06 (290) -criminal damaging/endangering,2013-09-10 14:45:00,,,nan,walnut hills,09,2013,,
44125,179006885.01,assault -(simple assault),2903-13 (13b) -assault -(simple assault),2017-03-05 16:00:00,,,nan,bondhill,03,2017,,
44345,139020661.01,theft -(from motor vehicle),2913-02 (23f) -theft -(from motor vehicle),2013-08-04 03:30:00,,,nan,east  end,08,2013,,
44485,21004332.01,theft -(shoplifting),2913-02 (23c) -theft -(shoplifting),2010-09-29 21:52:00,,,nan,oakley,09,2010,,
44501,21003603.01,theft -(shoplifting),2913-02 (23c) -theft -(shoplifting),2010-08-13 20:00:00,,,nan,oakley,08,2010,,
45036,159013641.02,criminal damaging/endangering,2909-06 (290) -criminal damaging/endangering,2015-05-24 01:40:00,,,nan,evanston,05,2015,,
46211,139001681.01,criminal damaging/endangering,2909-06 (290) -criminal damaging/endangering,2013-01-20 20:30:00,,,nan,clifton,01,2013,,
46363,129010716.02,criminal damaging/endangering,2909-06 (290) -criminal damaging/endangering,2012-04-19 06:40:00,,,nan,walnut hills,04,2012,,
46573,129003354.03,theft -(motor vehicle),2913-02 (24o) -theft -(motor vehicle),2012-01-30 03:00:00,,,nan,roselawn,01,2012,,
46647,129005729.02,criminal damaging/endangering,2909-06 (290) -criminal damaging/endangering,2012-03-03 02:50:00,,,nan,carthage,03,2012,,
46806,179016624.02,criminal damaging/endangering,2909-06 (290) -criminal damaging/endangering,2017-05-08 20:45:00,,,nan,northside,05,2017,,
48043,139001259.02,theft -(all other larceny),2913-02 (23h) -theft -(all other larceny),2013-01-11 12:00:00,,,nan,northside,01,2013,,
48048,51104404.01,criminal damaging/endangering,2909-06 (290) -criminal damaging/endangering,2011-08-08 16:30:00,,,nan,camp  washington,08,2011,,
48223,41103614.02,domestic violence -(threat),2919-25 (13c) -domestic violence -(threat),2011-06-11 11:45:00,,,nan,walnut hills,06,2011,,
48292,139021092.02,breaking and entering,2911-13 (220) -breaking and entering,2013-07-24 12:00:00,,,nan,mount  auburn,07,2013,,
49162,11104732.01,theft -(from motor vehicle),2913-02 (23f) -theft -(from motor vehicle),2011-11-24 13:00:00,,,nan,c. b. d. / riverfront,11,2011,,
49897,51005975.01,theft -(from motor vehicle),2913-02 (23f) -theft -(from motor vehicle),2010-08-22 00:30:00,,,nan,camp  washington,08,2010,,
49898,41003942.01,"vehicular vandalism _ drop or throw any object at, onto, or in the path of any vehicle, street car, or trackless trolley on a highway","2909-09b1 (290) - vehicular vandalism _ drop or throw any object at, onto, or in the path of any vehicle, street car, or trackless trolley on a highway",2010-07-01 01:15:00,,,nan,bondhill,07,2010,,
51371,21004983.01,theft -(shoplifting),2913-02 (23c) -theft -(shoplifting),2010-11-06 17:45:00,,,nan,oakley,11,2010,,
51591,51103809.03,menacing,2903-22 (13c) -menacing,2011-07-07 06:20:00,,,nan,camp  washington,07,2011,,
51799,159022829.02,aggravated robbery,2911-01 (120) -aggravated robbery,2015-08-24 15:46:00,,,nan,walnut hills,08,2015,,
52033,139027098.01,breaking and entering,2911-13 (220) -breaking and entering,2013-10-03 08:00:00,,,nan,pleasant ridge,10,2013,,
52063,41101494.02,criminal damaging/endangering,2909-06 (290) -criminal damaging/endangering,2011-03-04 14:30:00,,,nan,bondhill,03,2011,,
52193,159008886.01,theft -(from motor vehicle),2913-02 (23f) -theft -(from motor vehicle),2015-04-10 15:30:00,,,nan,mount  adams,04,2015,,
52845,169032690.01,breaking and entering,2911-13 (220) -breaking and entering,2016-12-13 05:00:00,,,nan,california,12,2016,,
52886,51106704.05,criminal damaging/endangering,2909-06 (290) -criminal damaging/endangering,2011-11-14 07:40:00,,,nan,mount airy,11,2011,,
53063,129029167.02,theft -(motor vehicle),2913-02 (24o) -theft -(motor vehicle),2012-10-04 06:30:00,,,nan,clifton,10,2012,,
53222,129035125.01,criminal damaging/endangering,2909-06 (290) -criminal damaging/endangering,2012-11-30 22:00:00,,,nan,mount airy,11,2012,,
53684,129023111.01,aggravated vehicular assault vehicular assault,2903-08 (13a) -aggravated vehicular assault vehicular assault,2012-08-08 22:01:00,,,nan,walnut hills,08,2012,,
53708,149013400.01,breaking and entering,2911-13 (220) -breaking and entering,2014-05-30 16:00:00,,,nan,-,05,2014,,
54029,41106422.02,theft -(all other larceny),2913-02 (23h) -theft -(all other larceny),2011-10-04 18:20:00,,,nan,roselawn,10,2011,,
54030,21100049.01,theft -(shoplifting),2913-02 (23c) -theft -(shoplifting),2011-01-04 13:26:00,,,nan,oakley,01,2011,,
54159,149026262.01,vehicular vandalism,2909-09 (290) -vehicular vandalism,2014-10-09 18:35:00,,,nan,carthage,10,2014,,
54194,169003827.01,aggravated vehicular homicide vehicular homicide vehicular manslaughter,2903-06 (90z) -aggravated vehicular homicide vehicular homicide vehicular manslaughter,2016-02-17 03:01:00,,,nan,walnut hills,02,2016,,
54557,21100361.02,theft -(from motor vehicle),2913-02 (23f) -theft -(from motor vehicle),2011-01-23 14:00:00,,,nan,oakley,01,2011,,
55090,41103148.02,theft -(motor vehicle),2913-02 (24o) -theft -(motor vehicle),2011-05-24 07:45:00,,,nan,bondhill,05,2011,,
55168,139030357.01,receiving stolen property,2913-51 (280) -receiving stolen property,2013-11-06 00:53:00,,,nan,bondhill,11,2013,,
55831,139005353.02,assault -(aggravated assault),2903-13 (13a) -assault -(aggravated assault),2013-03-05 16:00:00,,,nan,bondhill,03,2013,,
56330,139000525.02,menacing,2903-22 (13c) -menacing,2012-12-17 16:45:00,,,nan,westwood,12,2012,,
57006,21004298.01,theft -(shoplifting),2913-02 (23c) -theft -(shoplifting),2010-09-27 19:00:00,,,nan,oakley,09,2010,,
57140,21004042.04,theft -(shoplifting),2913-02 (23c) -theft -(shoplifting),2010-09-06 15:40:00,,,nan,oakley,09,2010,,
57396,169025312.03,theft -(all other larceny),2913-02 (23h) -theft -(all other larceny),2016-09-14 18:45:00,,,nan,queensgate,09,2016,,
58547,129002420.01,felonious assault -(aggravated assault),2903-11 (13a) -felonious assault -(aggravated assault),2012-01-26 22:53:00,,,nan,northside,01,2012,,
58572,129014506.02,aggravated menacing,2903-21 (13c) -aggravated menacing,2012-05-28 20:00:00,,,nan,roselawn,05,2012,,
59246,31105307.02,theft -(motor vehicle),2913-02 (24o) -theft -(motor vehicle),2011-06-17 12:00:00,,,nan,south  fairmount,06,2011,,
59320,51102824.03,theft -(motor vehicle),2913-02 (24o) -theft -(motor vehicle),2011-05-25 08:00:00,,,nan,camp  washington,05,2011,,
59933,51007051.03,criminal damaging/endangering,2909-06 (290) -criminal damaging/endangering,2010-11-17 20:37:00,,,nan,northside,11,2010,,
59965,159017477.01,criminal damaging/endangering,2909-06 (290) -criminal damaging/endangering,2015-07-06 19:05:00,,,nan,queensgate,07,2015,,
60605,21100314.01,theft -(shoplifting),2913-02 (23c) -theft -(shoplifting),2011-01-21 22:00:00,,,nan,oakley,01,2011,,
60807,179014725.01,criminal damaging/endangering,2909-06 (290) -criminal damaging/endangering,2017-04-25 19:30:00,,,nan,oakley,04,2017,,
60970,169020322.01,criminal damaging/endangering,2909-06 (290) -criminal damaging/endangering,2016-08-09 13:25:00,,,nan,carthage,08,2016,,
61933,139034695.01,criminal damaging/endangering,2909-06 (290) -criminal damaging/endangering,2013-12-28 15:10:00,,,nan,walnut hills,12,2013,,
62556,139002389.01,criminal damaging/endangering,2909-06 (290) -criminal damaging/endangering,2013-01-21 17:00:00,,,nan,northside,01,2013,,
63105,159021851.02,aggravated robbery,2911-01 (120) -aggravated robbery,2015-08-15 04:35:00,,,nan,c. b. d. / riverfront,08,2015,,
63800,61101114.01,theft -(from motor vehicle),2913-02 (23f) -theft -(from motor vehicle),2011-10-26 20:00:00,,,nan,kennedy  heights,10,2011,,
65042,21004333.01,theft -(shoplifting),2913-02 (23c) -theft -(shoplifting),2010-09-29 17:39:00,,,nan,oakley,09,2010,,
65964,129028184.02,assault -(simple assault),2903-13 (13b) -assault -(simple assault),2012-09-29 01:55:00,,,nan,-,09,2012,,
66071,31105803.02,assault -(simple assault),2903-13 (13b) -assault -(simple assault),2011-07-05 17:15:00,,,nan,fay apartments,07,2011,,
66079,21103132.01,theft -(shoplifting),2913-02 (23c) -theft -(shoplifting),2011-07-19 15:00:00,,,nan,oakley,07,2011,,
66822,129035465.02,theft -(from motor vehicle),2913-02 (23f) -theft -(from motor vehicle),2012-12-02 08:15:00,,,nan,carthage,12,2012,,
66847,159023538.02,felonious assault -(aggravated assault),2903-11 (13a) -felonious assault -(aggravated assault),2015-08-30 23:45:00,,,nan,queensgate,08,2015,,
67483,51100581.01,theft -(motor vehicle),2913-02 (24o) -theft -(motor vehicle),2011-01-30 23:00:00,,,nan,northside,01,2011,,
67878,31104270.01,criminal damaging/endangering,2909-06 (290) -criminal damaging/endangering,2011-05-23 23:00:00,,,nan,westwood,05,2011,,
68162,51105577.01,criminal damaging/endangering,2909-06 (290) -criminal damaging/endangering,2011-10-03 02:10:00,,,nan,camp  washington,10,2011,,
68330,169009749.02,assault -(simple assault),2903-13 (13b) -assault -(simple assault),2016-04-25 06:15:00,,,nan,carthage,04,2016,,
68686,179017628.02,theft -(from motor vehicle),2913-02 (23f) -theft -(from motor vehicle),2017-05-09 17:00:00,,,nan,west  end,05,2017,,
69981,129021862.02,theft -(motor vehicle),2913-02 (24o) -theft -(motor vehicle),2012-06-29 17:00:00,,,nan,camp  washington,06,2012,,
70284,11104119.02,burglary,2911-12 (220) -burglary,2011-10-08 19:00:00,,,nan,over-the-rhine,10,2011,,
71032,21003955.01,theft -(motor vehicle),2913-02 (24o) -theft -(motor vehicle),2010-09-03 14:19:00,,,nan,oakley,09,2010,,
71237,51106993.03,theft -(motor vehicle),2913-02 (24o) -theft -(motor vehicle),2011-12-10 19:00:00,,,nan,northside,12,2011,,
71397,129007949.02,menacing,2903-22 (13c) -menacing,2012-03-26 21:50:00,,,nan,millvale,03,2012,,
71651,31009144.01,theft -(shoplifting),2913-02 (23c) -theft -(shoplifting),2010-09-11 18:00:00,,,nan,-,09,2010,,
72073,21004157.01,theft -(shoplifting),2913-02 (23c) -theft -(shoplifting),2010-09-18 17:00:00,,,nan,oakley,09,2010,,
72436,139026352.01,criminal damaging/endangering,2909-06 (290) -criminal damaging/endangering,2013-09-24 14:34:00,,,nan,oakley,09,2013,,
72464,51006396.03,criminal damaging/endangering,2909-06 (290) -criminal damaging/endangering,2010-10-01 07:00:00,,,nan,mount airy,10,2010,,
72697,179046482.01,domestic violence -(simple assault),2919-25 (13b) -domestic violence -(simple assault),2017-11-01 19:07:14,,,nan,-,11,2017,,
72960,129032591.02,breaking and entering,2911-13 (220) -breaking and entering,2012-11-04 08:00:00,,,nan,over-the-rhine,11,2012,,
73979,21003468.01,theft -(shoplifting),2913-02 (23c) -theft -(shoplifting),2010-08-06 16:40:00,,,nan,oakley,08,2010,,
74458,21100587.02,theft -(all other larceny),2913-02 (23h) -theft -(all other larceny),2011-02-13 17:43:00,,,nan,oakley,02,2011,,
75236,21005776.01,theft -(shoplifting),2913-02 (23c) -theft -(shoplifting),2010-12-20 22:00:00,,,nan,oakley,12,2010,,
75348,179045619.01,theft -(from motor vehicle),2913-02 (23f) -theft -(from motor vehicle),2017-10-22 17:30:53,,,nan,northside,10,2017,,
76068,149015732.01,assault -(simple assault),2903-13 (13b) -assault -(simple assault),2014-07-01 07:47:00,,,nan,camp  washington,07,2014,,
76350,41100114.03,burglary,2911-12 (220) -burglary,2011-01-06 07:00:00,,,nan,corryville,01,2011,,
76489,21103316.01,theft -(shoplifting),2913-02 (23c) -theft -(shoplifting),2011-07-31 20:11:00,,,nan,oakley,07,2011,,
76552,169014343.01,vehicular vandalism,2909-09 (290) -vehicular vandalism,2016-06-14 20:00:00,,,nan,northside,06,2016,,
76564,21104649.01,theft -(from motor vehicle),2913-02 (23f) -theft -(from motor vehicle),2011-10-29 01:00:00,,,nan,o'bryonville,10,2011,,
76618,139017816.01,criminal damaging/endangering,2909-06 (290) -criminal damaging/endangering,2013-07-03 10:25:00,,,nan,oakley,07,2013,,
76959,41007819.02,theft -(all other larceny),2913-02 (23h) -theft -(all other larceny),2010-11-25 00:30:00,,,nan,bondhill,11,2010,,
77606,129015371.02,assault -(simple assault),2903-13 (13b) -assault -(simple assault),2012-06-06 10:30:00,,,nan,camp  washington,06,2012,,
77775,21005168.01,theft -(shoplifting),2913-02 (23c) -theft -(shoplifting),2010-11-17 16:10:00,,,nan,oakley,11,2010,,
78199,21101459.02,theft of license plate,2913-02 (24i) -theft of license plate,2011-04-10 19:00:00,,,nan,evanston,04,2011,,
78371,21004868.01,theft -(shoplifting),2913-02 (23c) -theft -(shoplifting),2010-10-29 16:00:00,,,nan,oakley,10,2010,,
78514,129029334.03,assault -(simple assault),2903-13 (13b) -assault -(simple assault),2012-10-10 18:30:00,,,nan,west price hill,10,2012,,
79015,41007097.02,theft -(from motor vehicle),2913-02 (23f) -theft -(from motor vehicle),2010-11-03 11:00:00,,,nan,bondhill,11,2010,,
79058,21004734.01,theft -(shoplifting),2913-02 (23c) -theft -(shoplifting),2010-10-23 02:45:00,,,nan,oakley,10,2010,,
79103,159030067.01,criminal damaging/endangering,2909-06 (290) -criminal damaging/endangering,2015-11-04 07:00:00,,,nan,oakley,11,2015,,
79474,169026173.02,felonious assault -(aggravated assault),2903-11 (13a) -felonious assault -(aggravated assault),2016-10-07 11:50:00,,,nan,c. b. d. / riverfront,10,2016,,
79478,21004836.02,theft -(purse-snatching),2913-02 (23b) -theft -(purse-snatching),2010-10-28 18:25:00,,,nan,oakley,10,2010,,
80251,21005635.01,theft -(shoplifting),2913-02 (23c) -theft -(shoplifting),2010-12-16 17:55:00,,,nan,oakley,12,2010,,
81465,11103722.02,breaking and entering,2911-13 (220) -breaking and entering,2011-08-30 16:00:00,,,nan,over-the-rhine,08,2011,,
81663,31010293.02,aggravated burglary,2911-11 (220) -aggravated burglary,2010-10-12 20:45:00,,,nan,westwood,10,2010,,
81689,41008285.02,theft -(all other larceny),2913-02 (23h) -theft -(all other larceny),2010-12-21 12:00:00,,,nan,-,12,2010,,
81877,51104594.02,aggravated menacing,2903-21 (13c) -aggravated menacing,2011-08-17 08:40:00,,,nan,college  hill,08,2011,,
82282,61101040.02,theft of license plate,2913-02 (24i) -theft of license plate,2011-10-20 10:00:00,,,nan,bondhill,10,2011,,
83363,149015334.01,assault -(simple assault),2903-13 (13b) -assault -(simple assault),2014-06-27 02:00:00,,,nan,camp  washington,06,2014,,
84010,129002433.02,aggravated menacing,2903-21 (13c) -aggravated menacing,2012-01-24 17:00:00,,,nan,clifton,01,2012,,
84239,159017529.01,criminal damaging/endangering,2909-06 (290) -criminal damaging/endangering,2015-07-06 20:30:00,,,nan,queensgate,07,2015,,
84251,159022767.02,felonious assault -(aggravated assault),2903-11 (13a) -felonious assault -(aggravated assault),2015-08-23 23:00:00,,,nan,c. b. d. / riverfront,08,2015,,
84865,31012024.01,breaking and entering,2911-13 (220) -breaking and entering,2010-12-02 01:10:00,,,nan,westwood,12,2010,,
85442,139015148.02,criminal damaging/endangering,2909-06 (290) -criminal damaging/endangering,2013-06-15 16:10:00,,,nan,west  end,06,2013,,
85670,139023192.01,theft -(from motor vehicle),2913-02 (23f) -theft -(from motor vehicle),2013-08-26 22:00:00,,,nan,clifton/university heights,08,2013,,
85677,129009070.02,theft -(pocket-picking),2913-02 (23a) -theft -(pocket-picking),2012-04-05 13:00:00,,,nan,c. b. d. / riverfront,04,2012,,
85906,31011498.02,assault -(simple assault),2903-13 (13b) -assault -(simple assault),2010-11-16 20:15:00,,,nan,west price hill,11,2010,,
85988,129034289.01,theft -(all other larceny),2913-02 (23h) -theft -(all other larceny),2012-11-20 17:00:00,,,nan,westwood,11,2012,,
87068,179019582.02,felonious assault -(aggravated assault),2903-11 (13a) -felonious assault -(aggravated assault),2017-05-28 01:40:00,,,nan,west  end,05,2017,,
87339,129007828.02,breaking and entering,2911-13 (220) -breaking and entering,2012-03-24 16:00:00,,,nan,california,03,2012,,
87663,149032592.02,criminal damaging/endangering,2909-06 (290) -criminal damaging/endangering,2014-12-23 16:00:00,,,nan,clifton,12,2014,,
87906,41103688.04,assault -(simple assault),2903-13 (13b) -assault -(simple assault),2011-06-11 03:12:00,,,nan,carthage,06,2011,,
88087,61101515.01,theft -(all other larceny),2913-02 (23h) -theft -(all other larceny),2011-11-30 00:00:00,,,nan,oakley,11,2011,,
88411,129015642.01,domestic violence -(simple assault),2919-25 (13b) -domestic violence -(simple assault),2012-06-11 12:20:00,,,nan,south  fairmount,06,2012,,
89122,129017493.02,aggravated vehicular homicide vehicular homicide vehicular manslaughter,2903-06 (90z) -aggravated vehicular homicide vehicular homicide vehicular manslaughter,2012-06-11 07:22:00,,,nan,camp  washington,06,2012,,
89310,169029754.01,vehicular vandalism,2909-09 (290) -vehicular vandalism,2016-11-13 17:20:00,,,nan,evanston,11,2016,,
89924,41108254.02,assault -(simple assault),2903-13 (13b) -assault -(simple assault),2011-12-25 22:00:00,,,nan,walnut hills,12,2011,,
90055,21005571.01,theft -(shoplifting),2913-02 (23c) -theft -(shoplifting),2010-12-11 16:00:00,,,nan,oakley,12,2010,,
90203,51102011.01,theft -(motor vehicle),2913-02 (24o) -theft -(motor vehicle),2011-04-17 22:00:00,,,nan,clifton,04,2011,,
90238,149024037.01,criminal damaging/endangering,2909-06 (290) -criminal damaging/endangering,2014-09-19 17:00:00,,,nan,clifton,09,2014,,
90941,21103561.01,theft -(shoplifting),2913-02 (23c) -theft -(shoplifting),2011-08-17 20:25:00,,,nan,oakley,08,2011,,
91389,139001237.02,theft -(motor vehicle),2913-02 (24o) -theft -(motor vehicle),2013-01-14 18:00:00,,,nan,west  end,01,2013,,
92255,21100252.01,theft -(shoplifting),2913-02 (23c) -theft -(shoplifting),2011-01-18 16:08:00,,,nan,oakley,01,2011,,
92273,51007660.04,intimidation,2921-03 (13c) -intimidation,2010-12-10 20:00:00,,,nan,fairview,12,2010,,
93399,129016170.02,theft -(all other larceny),2913-02 (23h) -theft -(all other larceny),2012-06-13 15:00:00,,,nan,bondhill,06,2012,,
93612,129011376.02,theft -(motor vehicle),2913-02 (24o) -theft -(motor vehicle),2012-04-29 15:00:00,,,nan,northside,04,2012,,
93846,31011524.03,criminal damaging/endangering,2909-06 (290) -criminal damaging/endangering,2010-11-13 11:00:00,,,nan,millvale,11,2010,,
94134,169006923.02,aggravated menacing,2903-21 (13c) -aggravated menacing,2016-03-25 17:50:00,,,nan,camp  washington,03,2016,,
95540,41104515.02,domestic violence -(simple assault),2919-25 (13b) -domestic violence -(simple assault),2011-07-15 14:40:00,,,nan,avondale,07,2011,,
96037,21103317.01,theft -(shoplifting),2913-02 (23c) -theft -(shoplifting),2011-07-31 14:50:00,,,nan,oakley,07,2011,,
96227,21100253.01,theft -(shoplifting),2913-02 (23c) -theft -(shoplifting),2011-01-18 21:10:00,,,nan,oakley,01,2011,,
96357,149018365.02,criminal damaging/endangering,2909-06 (290) -criminal damaging/endangering,2014-07-28 21:45:00,,,nan,walnut hills,07,2014,,
96552,169027031.01,criminal damaging/endangering,2909-06 (290) -criminal damaging/endangering,2016-10-16 13:30:00,,,nan,c. b. d. / riverfront,10,2016,,
96742,129003195.01,receiving stolen property,2913-51 (280) -receiving stolen property,2012-02-04 07:37:00,,,nan,clifton,02,2012,,
96802,169020817.01,theft -(all other larceny),2913-02 (23h) -theft -(all other larceny),2016-08-15 04:00:00,,,nan,northside,08,2016,,
97478,169001246.02,theft -(all other larceny),2913-02 (23h) -theft -(all other larceny),2016-01-11 08:42:00,,,nan,bondhill,01,2016,,
97599,129011487.01,theft -(shoplifting),2913-02 (23c) -theft -(shoplifting),2012-04-27 12:15:00,,,nan,westwood,04,2012,,
97851,41101006.01,murder -(willful killing),2903-02 (09a) -murder -(willful killing),2011-02-18 02:20:00,,,nan,bondhill,02,2011,,
97893,31108129.03,criminal damaging/endangering,2909-06 (290) -criminal damaging/endangering,2011-09-13 19:00:00,,,nan,westwood,09,2011,,
98140,41104539.02,domestic violence -(simple assault),2919-25 (13b) -domestic violence -(simple assault),2011-07-16 08:40:00,,,nan,hartwell,07,2011,,
98361,159018862.01,aggravated vehicular assault vehicular assault,2903-08 (13a) -aggravated vehicular assault vehicular assault,2015-03-21 13:01:00,,,nan,west  end,03,2015,,
99941,41104244.10,criminal damaging/endangering,2909-06 (290) -criminal damaging/endangering,2011-06-30 17:00:00,,,nan,-,06,2011,,
102729,21004984.01,theft -(shoplifting),2913-02 (23c) -theft -(shoplifting),2010-11-07 18:40:00,,,nan,oakley,11,2010,,
102798,159016028.02,failure to comply with order or signal of p-o-_ elude or flee,2921-331b (90z) -failure to comply with order or signal of p-o-_ elude or flee,2015-06-22 13:31:00,,,nan,evanston,06,2015,,
103240,51104622.02,burglary,2911-12 (220) -burglary,2011-08-16 14:00:00,,,nan,winton hills,08,2011,,
103277,159019093.02,felonious assault -(aggravated assault),2903-11 (13a) -felonious assault -(aggravated assault),2015-07-18 16:00:00,,,nan,bondhill,07,2015,,
103817,149004654.03,criminal damaging/endangering,2909-06 (290) -criminal damaging/endangering,2014-03-04 15:20:00,,,nan,queensgate,03,2014,,
103854,21105402.01,theft -(shoplifting),2913-02 (23c) -theft -(shoplifting),2011-12-21 16:50:00,,,nan,oakley,12,2011,,
105342,129027811.01,violate protection order or consent agreement,2919-27 (90z) -violate protection order or consent agreement,2012-09-10 14:03:00,,,nan,roselawn,09,2012,,
105440,139017927.01,criminal damaging/endangering,2909-06 (290) -criminal damaging/endangering,2013-07-08 18:20:00,,,nan,walnut hills,07,2013,,
105478,31104450.03,theft -(motor vehicle),2913-02 (24o) -theft -(motor vehicle),2011-05-25 21:00:00,,,nan,west price hill,05,2011,,
106174,159012006.01,felonious assault -(aggravated assault),2903-11 (13a) -felonious assault -(aggravated assault),2015-05-13 18:10:00,,,nan,queensgate,05,2015,,
106268,41004913.03,criminal damaging/endangering,2909-06 (290) -criminal damaging/endangering,2010-08-04 12:50:00,,,nan,hartwell,08,2010,,
106556,139013484.01,assault -(simple assault),2903-13 (13b) -assault -(simple assault),2013-05-30 19:30:00,,,nan,west  end,05,2013,,
106790,31102623.03,telecommunications harassment,2917-21 (90z) -telecommunications harassment,2011-03-24 20:00:00,,,nan,westwood,03,2011,,
106927,129008776.02,theft -(all other larceny),2913-02 (23h) -theft -(all other larceny),2012-04-05 17:20:00,,,nan,roselawn,04,2012,,
107911,21004736.01,theft -(shoplifting),2913-02 (23c) -theft -(shoplifting),2010-10-24 00:08:00,,,nan,oakley,10,2010,,
108039,149001020.02,theft -(all other larceny),2913-02 (23h) -theft -(all other larceny),2014-01-01 00:00:00,,,nan,c. b. d. / riverfront,01,2014,,
108392,51103216.02,criminal damaging/endangering,2909-06 (290) -criminal damaging/endangering,2011-06-07 14:00:00,,,nan,-,06,2011,,
108688,51007051.03,assault -(simple assault),2903-13 (13b) -assault -(simple assault),2010-11-17 20:37:00,,,nan,northside,11,2010,,
109056,41103634.02,assault -(simple assault),2903-13 (13b) -assault -(simple assault),2011-06-13 02:30:00,,,nan,-,06,2011,,
109104,129020210.02,criminal damaging/endangering,2909-06 (290) -criminal damaging/endangering,2012-07-21 23:30:00,,,nan,fay apartments,07,2012,,
109303,139025369.02,theft -(pocket-picking),2913-02 (23a) -theft -(pocket-picking),2013-09-17 13:00:00,,,nan,west price hill,09,2013,,
109834,51101254.02,burglary,2911-12 (220) -burglary,2011-03-10 13:30:00,,,nan,college  hill,03,2011,,
110463,51100043.02,theft -(all other larceny),2913-02 (23h) -theft -(all other larceny),2011-01-05 12:15:00,,,nan,-,01,2011,,
110809,139014839.01,theft -(motor vehicle parts),2913-02 (23g) -theft -(motor vehicle parts),2013-06-01 07:00:00,,,nan,mount  auburn,06,2013,,
110887,21101940.02,criminal damaging/endangering,2909-06 (290) -criminal damaging/endangering,2011-05-12 19:00:00,,,nan,california,05,2011,,
111043,159016700.02,vehicular vandalism,2909-09 (290) -vehicular vandalism,2015-06-27 12:30:00,,,nan,carthage,06,2015,,
111463,129004221.01,theft -(motor vehicle parts),2913-02 (23g) -theft -(motor vehicle parts),2012-02-16 06:50:00,,,nan,carthage,02,2012,,
111662,139004571.01,criminal damaging/endangering,2909-06 (290) -criminal damaging/endangering,2013-02-23 22:40:00,,,nan,avondale,02,2013,,
113703,129018098.01,felonious assault -(aggravated assault),2903-11 (13a) -felonious assault -(aggravated assault),2012-06-27 20:50:00,,,nan,walnut hills,06,2012,,
114504,129024310.02,theft -(from motor vehicle),2913-02 (23f) -theft -(from motor vehicle),2012-08-26 20:30:00,,,nan,clifton,08,2012,,
115600,129025903.02,theft -(all other larceny),2913-02 (23h) -theft -(all other larceny),2012-09-07 22:00:00,,,nan,c. b. d. / riverfront,09,2012,,
116537,139014382.02,burglary,2911-12 (220) -burglary,2013-06-07 22:00:00,,,nan,west  end,06,2013,,
116872,51102675.04,criminal damaging/endangering,2909-06 (290) -criminal damaging/endangering,2011-05-18 07:40:00,,,nan,northside,05,2011,,
117378,31100074.01,criminal damaging/endangering,2909-06 (290) -criminal damaging/endangering,2011-01-03 21:10:00,,,nan,westwood,01,2011,,
118287,149003750.01,criminal damaging/endangering,2909-06 (290) -criminal damaging/endangering,2014-02-20 15:50:00,,,nan,evanston,02,2014,,
119190,149031271.01,theft -(theft from building),2913-02 (23d) -theft -(theft from building),2014-09-30 09:00:00,,,nan,clifton,09,2014,,
119746,31010896.02,theft -(from motor vehicle),2913-02 (23f) -theft -(from motor vehicle),2010-10-23 21:00:00,,,nan,westwood,10,2010,,
120337,159025030.02,aggravated menacing,2903-21 (13c) -aggravated menacing,2015-09-13 02:00:00,,,nan,evanston,09,2015,,
120531,179016366.01,menacing,2903-22 (13c) -menacing,2017-04-06 15:15:00,,,nan,walnut hills,04,2017,,
120684,129013641.02,domestic violence -(simple assault),2919-25 (13b) -domestic violence -(simple assault),2012-05-22 16:15:00,,,nan,west  end,05,2012,,
120997,51104169.05,domestic violence -(simple assault),2919-25 (13b) -domestic violence -(simple assault),2011-07-26 00:10:00,,,nan,northside,07,2011,,
121452,149010836.01,theft -(from motor vehicle),2913-02 (23f) -theft -(from motor vehicle),2014-05-11 19:30:00,,,nan,roselawn,05,2014,,
121501,129005508.01,theft -(all other larceny),2913-02 (23h) -theft -(all other larceny),2012-03-03 19:36:00,,,nan,s.. cumminsville,03,2012,,
121834,159016159.02,aggravated menacing,2903-21 (13c) -aggravated menacing,2015-06-23 17:40:00,,,nan,bondhill,06,2015,,
122418,159020152.01,vehicular vandalism,2909-09 (290) -vehicular vandalism,2015-07-30 18:00:00,,,nan,walnut hills,07,2015,,
123139,129004990.02,menacing,2903-22 (13c) -menacing,2012-02-26 14:45:00,,,nan,mt.  lookout,02,2012,,
123618,51101922.02,theft -(motor vehicle),2913-02 (24o) -theft -(motor vehicle),2011-04-13 23:50:00,,,nan,clifton/university heights,04,2011,,
123798,139011247.01,receiving stolen property,2913-51 (280) -receiving stolen property,2013-05-07 00:16:00,,,nan,carthage,05,2013,,
125698,41106505.02,theft -(all other larceny),2913-02 (23h) -theft -(all other larceny),2011-10-08 14:15:00,,,nan,north avondale,10,2011,,
126357,179004413.02,criminal damaging/endangering,2909-06 (290) -criminal damaging/endangering,2017-02-16 17:30:30,,,nan,mount airy,02,2017,,
126730,159016096.01,menacing,2903-22 (13c) -menacing,2015-06-22 00:05:00,,,nan,c. b. d. / riverfront,06,2015,,
128045,169023596.02,theft -(all other larceny),2913-02 (23h) -theft -(all other larceny),2016-09-11 10:25:00,,,nan,spring grove village,09,2016,,
128132,41104511.02,assault -(simple assault),2903-13 (13b) -assault -(simple assault),2011-07-21 04:28:00,,,nan,walnut hills,07,2011,,
128703,129015295.02,unlawful sexual conduct with a minor -(simple assault),2907-04 (13b) -unlawful sexual conduct with a minor -(simple assault),2011-12-01 00:00:00,,,nan,-,12,2011,,
128853,31104452.02,theft -(motor vehicle),2913-02 (24o) -theft -(motor vehicle),2011-05-27 23:00:00,,,nan,westwood,05,2011,,
129067,129012683.01,theft -(motor vehicle parts),2913-02 (23g) -theft -(motor vehicle parts),2011-11-20 13:00:00,,,nan,camp  washington,11,2011,,
129124,159032469.02,theft -(motor vehicle),2913-02 (24o) -theft -(motor vehicle),2015-11-30 13:00:00,,,nan,bondhill,11,2015,,
129277,21105256.03,theft -(motor vehicle),2913-02 (24o) -theft -(motor vehicle),2011-07-17 00:15:00,,,nan,oakley,07,2011,,
129278,11104645.02,assault -(simple assault),2903-13 (13b) -assault -(simple assault),2011-11-17 08:45:00,,,nan,west  end,11,2011,,
129331,41103960.02,criminal damaging/endangering,2909-06 (290) -criminal damaging/endangering,2011-06-15 05:55:00,,,nan,walnut hills,06,2011,,
129899,21100464.02,breaking and entering,2911-13 (220) -breaking and entering,2010-11-01 12:00:00,,,nan,east  end,11,2010,,
129908,41103970.02,breaking and entering,2911-13 (220) -breaking and entering,2011-06-24 23:00:00,,,nan,mount  auburn,06,2011,,
130034,139018947.02,assault -(simple assault),2903-13 (13b) -assault -(simple assault),2013-07-19 13:40:00,,,nan,west price hill,07,2013,,
130259,31108595.03,theft -(theft from building),2913-02 (23d) -theft -(theft from building),2011-09-22 08:00:00,,,nan,millvale,09,2011,,
130425,41003942.01,vandalism,2909-05 (290) -vandalism,2010-07-01 01:15:00,,,nan,bondhill,07,2010,,
132085,149011850.01,criminal damaging/endangering,2909-06 (290) -criminal damaging/endangering,2014-05-21 14:28:00,,,nan,queensgate,05,2014,,
132863,21102393.01,theft -(shoplifting),2913-02 (23c) -theft -(shoplifting),2011-06-07 19:40:00,,,nan,oakley,06,2011,,
133384,159000102.01,criminal damaging/endangering,2909-06 (290) -criminal damaging/endangering,2015-01-01 00:00:00,,,nan,mount airy,01,2015,,
133513,129015637.02,breaking and entering,2911-13 (220) -breaking and entering,2012-06-08 17:00:00,,,nan,winton hills,06,2012,,
133859,149002430.03,theft -(from motor vehicle),2913-02 (23f) -theft -(from motor vehicle),2014-02-01 13:00:00,,,nan,mount  adams,02,2014,,
134352,169020211.02,assault -(simple assault),2903-13 (13b) -assault -(simple assault),2016-08-04 17:35:00,,,nan,evanston,08,2016,,
135748,129035316.02,theft -(motor vehicle),2913-02 (24o) -theft -(motor vehicle),2012-12-03 23:30:00,,,nan,clifton,12,2012,,
136087,129026391.01,theft -(all other larceny),2913-02 (23h) -theft -(all other larceny),2012-09-06 11:25:00,,,nan,hartwell,09,2012,,
136151,139027780.01,theft of license plate,2913-02 (24i) -theft of license plate,2013-10-04 13:30:00,,,nan,clifton/university heights,10,2013,,
136516,129008653.02,domestic violence -(simple assault),2919-25 (13b) -domestic violence -(simple assault),2012-03-28 02:12:00,,,nan,northside,03,2012,,
136678,21003277.01,theft -(shoplifting),2913-02 (23c) -theft -(shoplifting),2010-07-27 15:30:00,,,nan,oakley,07,2010,,
136887,129035738.01,criminal damaging/endangering,2909-06 (290) -criminal damaging/endangering,2012-12-07 22:00:00,,,nan,carthage,12,2012,,
137572,129013172.01,theft -(from motor vehicle),2913-02 (23f) -theft -(from motor vehicle),2012-05-16 17:30:00,,,nan,bondhill,05,2012,,
137653,159022951.03,robbery,2911-02 (120) -robbery,2015-08-24 14:30:00,,,nan,walnut hills,08,2015,,
138046,149005606.02,criminal damaging/endangering,2909-06 (290) -criminal damaging/endangering,2014-03-15 16:00:38,,,nan,walnut hills,03,2014,,
138160,11103235.04,aggravated robbery,2911-01 (120) -aggravated robbery,2011-08-09 01:53:00,,,nan,c. b. d. / riverfront,08,2011,,
138534,41007968.01,felonious assault -(aggravated assault),2903-11 (13a) -felonious assault -(aggravated assault),2010-12-12 12:40:00,,,nan,-,12,2010,,
138597,139014197.02,criminal damaging/endangering,2909-06 (290) -criminal damaging/endangering,2013-06-06 21:15:00,,,nan,c. b. d. / riverfront,06,2013,,
138728,129010985.02,theft -(from motor vehicle),2913-02 (23f) -theft -(from motor vehicle),2012-04-27 19:00:00,,,nan,c. b. d. / riverfront,04,2012,,
140176,179C000423.01,theft -(from motor vehicle),2913-02 (23f) -theft -(from motor vehicle),2017-07-09 18:57:00,,,nan,camp  washington,07,2017,,
140207,31104327.05,theft -(motor vehicle),2913-02 (24o) -theft -(motor vehicle),2011-05-24 18:30:00,,,nan,east price hill,05,2011,,
140517,129015412.02,aggravated menacing,2903-21 (13c) -aggravated menacing,2012-06-02 15:30:00,,,nan,hartwell,06,2012,,
140549,41004732.01,criminal damaging/endangering,2909-06 (290) -criminal damaging/endangering,2010-08-01 14:50:00,,,nan,walnut hills,08,2010,,
140568,129028621.02,theft -(from motor vehicle),2913-02 (23f) -theft -(from motor vehicle),2012-10-03 19:00:00,,,nan,c. b. d. / riverfront,10,2012,,
140792,149000897.01,aggravated vehicular homicide vehicular homicide vehicular manslaughter,2903-06 (90z) -aggravated vehicular homicide vehicular homicide vehicular manslaughter,2013-09-29 05:09:00,,,nan,northside,09,2013,,
140986,11103687.02,burglary,2911-12 (220) -burglary,2011-09-08 20:00:00,,,nan,over-the-rhine,09,2011,,
141164,51105585.02,breaking and entering,2911-13 (220) -breaking and entering,2011-10-01 15:00:00,,,nan,clifton,10,2011,,
143403,41006221.01,theft -(all other larceny),2913-02 (23h) -theft -(all other larceny),2010-09-30 15:15:00,,,nan,bondhill,09,2010,,
143476,51105230.02,domestic violence -(aggravated assault),2919-25 (13a) -domestic violence -(aggravated assault),2011-09-17 12:50:00,,,nan,clifton,09,2011,,
143691,139013484.01,theft -(all other larceny),2913-02 (23h) -theft -(all other larceny),2013-05-30 19:30:00,,,nan,west  end,05,2013,,
144142,21004166.03,domestic violence -(simple assault),2919-25 (13b) -domestic violence -(simple assault),2010-09-18 11:00:00,,,nan,-,09,2010,,
144659,21101740.01,theft -(shoplifting),2913-02 (23c) -theft -(shoplifting),2011-05-02 14:25:00,,,nan,oakley,05,2011,,
145452,11101027.01,criminal damaging/endangering,2909-06 (290) -criminal damaging/endangering,2011-03-19 16:35:00,,,nan,west  end,03,2011,,
145804,31006765.02,assault -(simple assault),2903-13 (13b) -assault -(simple assault),2010-07-14 00:00:00,,,nan,westwood,07,2010,,
146084,139014641.02,burglary,2911-12 (220) -burglary,2013-06-11 23:40:00,,,nan,west  end,06,2013,,
146354,149025721.01,criminal damaging/endangering,2909-06 (290) -criminal damaging/endangering,2014-10-09 17:25:00,,,nan,carthage,10,2014,,
146433,149018590.02,theft -(all other larceny),2913-02 (23h) -theft -(all other larceny),2014-07-30 00:01:00,,,nan,clifton,07,2014,,
147372,139010490.02,theft -(from motor vehicle),2913-02 (23f) -theft -(from motor vehicle),2013-05-01 18:00:00,,,nan,c. b. d. / riverfront,05,2013,,
147782,139012994.02,theft -(all other larceny),2913-02 (23h) -theft -(all other larceny),2013-05-25 20:00:00,,,nan,c. b. d. / riverfront,05,2013,,
147797,139002893.02,felonious assault -(aggravated assault),2903-11 (13a) -felonious assault -(aggravated assault),2013-02-03 02:45:00,,,nan,camp  washington,02,2013,,
147807,41104277.02,felonious assault -(aggravated assault),2903-11 (13a) -felonious assault -(aggravated assault),2011-07-08 17:05:00,,,nan,avondale,07,2011,,
147815,41006698.02,sexual imposition,2907-06 (11d) -sexual imposition,2010-10-12 11:15:00,,,nan,roselawn,10,2010,,
148246,11004581.01,domestic violence -(aggravated assault),2919-25 (13a) -domestic violence -(aggravated assault),2010-10-06 23:35:00,,,nan,over-the-rhine,10,2010,,
148378,51105196.02,breaking and entering,2911-13 (220) -breaking and entering,2011-09-15 00:00:00,,,nan,clifton,09,2011,,
148395,169021324.02,theft -(motor vehicle),2913-02 (24o) -theft -(motor vehicle),2016-08-19 23:00:00,,,nan,northside,08,2016,,
148989,129011022.02,theft -(motor vehicle parts),2913-02 (23g) -theft -(motor vehicle parts),2012-04-27 18:00:00,,,nan,carthage,04,2012,,
149162,139001106.01,vandalism,2909-05 (290) -vandalism,2013-01-12 02:00:00,,,nan,camp  washington,01,2013,,
149498,169007793.02,criminal damaging/endangering,2909-06 (290) -criminal damaging/endangering,2016-04-04 15:50:00,,,nan,camp  washington,04,2016,,
150487,169012768.02,domestic violence -(simple assault),2919-25 (13b) -domestic violence -(simple assault),2016-05-28 22:00:00,,,nan,-,05,2016,,
151147,129022803.03,theft -(motor vehicle),2913-02 (24o) -theft -(motor vehicle),2012-08-08 12:00:00,,,nan,northside,08,2012,,
151641,31101593.03,assault -(simple assault),2903-13 (13b) -assault -(simple assault),2011-02-26 18:15:00,,,nan,westwood,02,2011,,
151708,179004161.03,assault -(simple assault),2903-13 (13b) -assault -(simple assault),2017-02-10 15:00:00,,,nan,roselawn,02,2017,,
152350,159027337.02,criminal damaging/endangering,2909-06 (290) -criminal damaging/endangering,2015-10-04 14:40:00,,,nan,madisonville,10,2015,,
152711,139024832.02,criminal damaging/endangering,2909-06 (290) -criminal damaging/endangering,2013-09-05 07:30:00,,,nan,bondhill,09,2013,,
152938,149011244.01,theft -(shoplifting),2913-02 (23c) -theft -(shoplifting),2014-05-16 12:30:00,,,nan,oakley,05,2014,,
153886,61100265.02,theft -(from motor vehicle),2913-02 (23f) -theft -(from motor vehicle),2011-08-12 01:30:00,,,nan,bondhill,08,2011,,
154565,139026901.01,assault -(simple assault),2903-13 (13b) -assault -(simple assault),2013-09-29 15:00:00,,,nan,mount airy,09,2013,,
154950,139006687.02,criminal damaging/endangering,2909-06 (290) -criminal damaging/endangering,2013-03-22 02:59:00,,,nan,millvale,03,2013,,
155059,21003214.01,theft -(shoplifting),2913-02 (23c) -theft -(shoplifting),2010-07-24 21:50:00,,,nan,oakley,07,2010,,
156121,149014224.02,domestic violence -(simple assault),2919-25 (13b) -domestic violence -(simple assault),2014-06-11 23:00:00,,,nan,walnut hills,06,2014,,
156331,139023280.01,assault -(simple assault),2903-13 (13b) -assault -(simple assault),2013-08-28 07:30:00,,,nan,over-the-rhine,08,2013,,
156612,51007625.03,assault -(simple assault),2903-13 (13b) -assault -(simple assault),2010-12-19 19:30:00,,,nan,college  hill,12,2010,,
157730,21003905.03,theft -(shoplifting),2913-02 (23c) -theft -(shoplifting),2010-08-29 07:30:00,,,nan,oakley,08,2010,,
157817,139002156.02,theft -(pocket-picking),2913-02 (23a) -theft -(pocket-picking),2013-01-25 23:10:00,,,nan,west  end,01,2013,,
158120,41004880.02,criminal damaging/endangering,2909-06 (290) -criminal damaging/endangering,2010-08-01 14:30:00,,,nan,walnut hills,08,2010,,
158450,21101402.01,theft -(shoplifting),2913-02 (23c) -theft -(shoplifting),2011-04-11 18:50:00,,,nan,oakley,04,2011,,
158485,31006195.03,domestic violence - (simple assault),2919-25 (13b) - domestic violence - (simple assault),2010-07-01 22:40:00,,,nan,-,07,2010,,
158776,179006920.01,theft -(motor vehicle),2913-02 (24o) -theft -(motor vehicle),2017-03-04 17:00:00,,,nan,c. b. d. / riverfront,03,2017,,
158907,169020409.02,theft -(all other larceny),2913-02 (23h) -theft -(all other larceny),2016-08-10 17:00:00,,,nan,c. b. d. / riverfront,08,2016,,
158996,11005757.02,felonious assault -(aggravated assault),2903-11 (13a) -felonious assault -(aggravated assault),2010-12-27 03:30:00,,,nan,west  end,12,2010,,
159300,51102603.01,domestic violence -(simple assault),2919-25 (13b) -domestic violence -(simple assault),2011-05-16 14:10:00,,,nan,camp  washington,05,2011,,
159676,51103651.01,criminal damaging/endangering,2909-06 (290) -criminal damaging/endangering,2011-07-01 13:06:00,,,nan,camp  washington,07,2011,,
160361,179026337.02,aggravated menacing,2903-21 (13c) -aggravated menacing,2017-07-10 17:10:00,,,nan,walnut hills,07,2017,,
161079,21104180.01,theft -(shoplifting),2913-02 (23c) -theft -(shoplifting),2011-09-28 19:25:00,,,nan,oakley,09,2011,,
161167,21102282.02,telecommunications harassment,2917-21 (90z) -telecommunications harassment,2011-05-30 18:00:00,,,nan,mt.  washington,05,2011,,
161170,31009193.02,assault -(simple assault),2903-13 (13b) -assault -(simple assault),2010-09-13 18:55:00,,,nan,south  fairmount,09,2010,,
161333,159030433.02,aggravated menacing,2903-21 (13c) -aggravated menacing,2015-11-08 18:41:00,,,nan,c. b. d. / riverfront,11,2015,,
161391,139013836.02,vehicular vandalism,2909-09 (290) -vehicular vandalism,2013-06-02 13:45:00,,,nan,c. b. d. / riverfront,06,2013,,
162094,139017652.02,criminal damaging/endangering,2909-06 (290) -criminal damaging/endangering,2013-07-08 22:16:00,,,nan,camp  washington,07,2013,,
163302,149009569.03,theft of license plate,2913-02 (24i) -theft of license plate,2014-04-27 11:00:00,,,nan,camp  washington,04,2014,,
164366,11004860.02,theft -(motor vehicle),2913-02 (24o) -theft -(motor vehicle),2010-10-14 06:30:00,,,nan,west  end,10,2010,,
164370,139003833.01,criminal damaging/endangering,2909-06 (290) -criminal damaging/endangering,2013-02-11 14:45:00,,,nan,camp  washington,02,2013,,
164459,31101901.01,theft -(all other larceny),2913-02 (23h) -theft -(all other larceny),2011-03-01 01:00:00,,,nan,west price hill,03,2011,,
165487,21004162.01,theft -(shoplifting),2913-02 (23c) -theft -(shoplifting),2010-09-19 14:45:00,,,nan,oakley,09,2010,,
165507,139012508.02,assault -(simple assault),2903-13 (13b) -assault -(simple assault),2013-05-19 14:45:00,,,nan,avondale,05,2013,,
165608,Copy of 11005370.02,vandalism,2909-05 (290) -vandalism,2010-11-23 00:00:00,,,nan,c. b. d. / riverfront,11,2010,,
165766,129021679.02,theft -(all other larceny),2913-02 (23h) -theft -(all other larceny),2012-07-30 14:45:00,,,nan,roselawn,07,2012,,
165808,41104321.02,assault -(simple assault),2903-13 (13b) -assault -(simple assault),2011-07-04 19:20:00,,,nan,carthage,07,2011,,
166058,149032342.01,domestic violence -(simple assault),2919-25 (13b) -domestic violence -(simple assault),2014-12-20 20:00:00,,,nan,northside,12,2014,,
166516,169014612.01,felonious assault -(simple assault),2903-11 (13b) -felonious assault -(simple assault),2016-06-17 10:05:00,,,nan,roselawn,06,2016,,
166931,169023617.02,criminal damaging/endangering,2909-06 (290) -criminal damaging/endangering,2016-09-11 22:00:00,,,nan,o'bryonville,09,2016,,
167476,11100766.04,domestic violence -(simple assault),2919-25 (13b) -domestic violence -(simple assault),2011-02-25 15:00:00,,,nan,-,02,2011,,
167852,129020094.02,domestic violence -(simple assault),2919-25 (13b) -domestic violence -(simple assault),2012-07-20 07:20:00,,,nan,westwood,07,2012,,
167881,159032024.01,theft -(shoplifting),2913-02 (23c) -theft -(shoplifting),2015-11-27 05:50:00,,,nan,oakley,11,2015,,
167946,139016981.04,criminal damaging/endangering _ knowingly any means,2909-06a1 (290) -criminal damaging/endangering _ knowingly any means,2013-07-02 15:30:00,,,nan,queensgate,07,2013,,
168374,169022886.02,criminal damaging/endangering,2909-06 (290) -criminal damaging/endangering,2016-09-04 16:00:00,,,nan,c. b. d. / riverfront,09,2016,,
168411,21005333.01,theft -(shoplifting),2913-02 (23c) -theft -(shoplifting),2010-11-25 17:10:00,,,nan,oakley,11,2010,,
168852,11104648.02,felonious assault -(aggravated assault),2903-11 (13a) -felonious assault -(aggravated assault),2011-11-19 02:15:00,,,nan,west  end,11,2011,,
169976,139011038.02,assault -(simple assault),2903-13 (13b) -assault -(simple assault),2013-04-26 12:00:00,,,nan,walnut hills,04,2013,,
170400,159017986.02,assault -(simple assault),2903-13 (13b) -assault -(simple assault),2015-07-12 00:25:00,,,nan,camp  washington,07,2015,,
171103,21003120.02,theft -(shoplifting),2913-02 (23c) -theft -(shoplifting),2010-07-20 17:00:00,,,nan,oakley,07,2010,,
171627,11005370.02,vandalism,2909-05 (290) -vandalism,2010-11-23 00:00:00,,,nan,c. b. d. / riverfront,11,2010,,
171710,139001226.01,criminal damaging/endangering,2909-06 (290) -criminal damaging/endangering,2013-01-16 02:35:00,,,nan,fay apartments,01,2013,,
173008,61100431.01,theft -(from motor vehicle),2913-02 (23f) -theft -(from motor vehicle),2011-08-25 22:00:00,,,nan,mount  adams,08,2011,,
173021,129028702.01,criminal damaging/endangering,2909-06 (290) -criminal damaging/endangering,2012-09-25 20:30:00,,,nan,mount airy,09,2012,,
173415,149005606.02,felonious assault -(aggravated assault),2903-11 (13a) -felonious assault -(aggravated assault),2014-03-15 16:00:38,,,nan,walnut hills,03,2014,,
173607,149019271.03,theft -(all other larceny),2913-02 (23h) -theft -(all other larceny),2014-08-06 13:15:00,,,nan,clifton,08,2014,,
173911,21003103.01,theft -(from motor vehicle),2913-02 (23f) -theft -(from motor vehicle),2010-07-18 16:30:00,,,nan,oakley,07,2010,,
173918,31105203.02,assault -(simple assault),2903-13 (13b) -assault -(simple assault),2011-06-18 20:30:00,,,nan,east price hill,06,2011,,
174358,169024607.02,felonious assault -(simple assault),2903-11 (13b) -felonious assault -(simple assault),2016-09-25 01:20:00,,,nan,c. b. d. / riverfront,09,2016,,
174492,169033551.02,aggravated menacing,2903-21 (13c) -aggravated menacing,2016-12-23 16:30:00,,,nan,bondhill,12,2016,,
174603,129027947.02,theft -(from motor vehicle),2913-02 (23f) -theft -(from motor vehicle),2012-09-26 04:00:00,,,nan,c. b. d. / riverfront,09,2012,,
174628,139002905.01,theft -(motor vehicle),2913-02 (24o) -theft -(motor vehicle),2013-01-28 23:00:00,,,nan,queensgate,01,2013,,
174633,41104515.02,aggravated menacing,2903-21 (13c) -aggravated menacing,2011-07-15 14:40:00,,,nan,avondale,07,2011,,
175538,11003493.03,criminal damaging/endangering,2909-06 (290) -criminal damaging/endangering,2010-08-05 17:15:00,,,nan,queensgate,08,2010,,
176158,159024795.02,domestic violence -(simple assault),2919-25 (13b) -domestic violence -(simple assault),2015-09-11 09:30:00,,,nan,walnut hills,09,2015,,
176190,149007098.01,criminal damaging/endangering,2909-06 (290) -criminal damaging/endangering,2014-04-18 20:00:21,,,nan,west  end,04,2014,,
177593,129027888.01,criminal damaging/endangering,2909-06 (290) -criminal damaging/endangering,2012-09-26 18:00:00,,,nan,south  fairmount,09,2012,,
178171,129017763.01,telecommunications harassment,2917-21 (90z) -telecommunications harassment,2012-06-28 15:40:00,,,nan,east price hill,06,2012,,
178380,129034456.01,assault -(simple assault),2903-13 (13b) -assault -(simple assault),2012-11-17 23:40:00,,,nan,walnut hills,11,2012,,
178518,139011444.01,theft -(theft from building),2913-02 (23d) -theft -(theft from building),2013-05-11 00:30:00,,,nan,mount airy,05,2013,,
179545,31101325.03,criminal damaging/endangering,2909-06 (290) -criminal damaging/endangering,2011-02-17 20:00:00,,,nan,west price hill,02,2011,,
179560,51101454.01,criminal damaging/endangering,2909-06 (290) -criminal damaging/endangering,2011-03-22 07:40:00,,,nan,camp  washington,03,2011,,
180405,159012578.02,vehicular vandalism,2909-09 (290) -vehicular vandalism,2015-05-23 20:30:00,,,nan,c. b. d. / riverfront,05,2015,,
181292,21004412.01,theft -(shoplifting),2913-02 (23c) -theft -(shoplifting),2010-10-04 19:33:00,,,nan,oakley,10,2010,,
182497,31103474.02,telecommunications harassment,2917-21 (90z) -telecommunications harassment,2011-05-01 19:00:00,,,nan,east  westwood,05,2011,,
182717,41006882.02,theft -(motor vehicle),2913-02 (24o) -theft -(motor vehicle),2010-10-27 15:30:00,,,nan,bondhill,10,2010,,
183544,149015203.02,vehicular vandalism,2909-09 (290) -vehicular vandalism,2014-06-25 19:19:00,,,nan,walnut hills,06,2014,,
183645,31100440.01,theft -(from motor vehicle),2913-02 (23f) -theft -(from motor vehicle),2011-01-16 21:00:00,,,nan,east price hill,01,2011,,
183651,149015203.02,felonious assault -(aggravated assault),2903-11 (13a) -felonious assault -(aggravated assault),2014-06-25 19:19:00,,,nan,walnut hills,06,2014,,
183939,149016643.03,theft -(motor vehicle),2913-02 (24o) -theft -(motor vehicle),2014-07-10 20:00:00,,,nan,bondhill,07,2014,,
184033,51100412.02,theft -(all other larceny),2913-02 (23h) -theft -(all other larceny),2011-01-20 01:00:00,,,nan,-,01,2011,,
184526,139018394.02,aggravated menacing,2903-21 (13c) -aggravated menacing,2013-07-15 21:50:00,,,nan,west  end,07,2013,,
184837,31105977.04,felonious assault -(aggravated assault),2903-11 (13a) -felonious assault -(aggravated assault),2011-07-10 13:30:00,,,nan,-,07,2011,,
184849,31109063.01,assault -(simple assault),2903-13 (13b) -assault -(simple assault),2011-10-14 14:25:00,,,nan,westwood,10,2011,,
184882,21003846.02,theft -(shoplifting),2913-02 (23c) -theft -(shoplifting),2010-08-29 15:35:00,,,nan,oakley,08,2010,,
184968,129035095.02,theft -(all other larceny),2913-02 (23h) -theft -(all other larceny),2012-11-25 02:30:00,,,nan,camp  washington,11,2012,,
185024,159025077.01,theft -(from motor vehicle),2913-02 (23f) -theft -(from motor vehicle),2015-09-14 12:15:00,,,nan,roselawn,09,2015,,
185037,41006172.02,theft -(motor vehicle),2913-02 (24o) -theft -(motor vehicle),2010-09-09 20:00:00,,,nan,roselawn,09,2010,,
185755,41106877.03,theft -(from motor vehicle),2913-02 (23f) -theft -(from motor vehicle),2011-10-23 22:00:00,,,nan,roselawn,10,2011,,
186037,159027980.02,theft -(all other larceny),2913-02 (23h) -theft -(all other larceny),2015-10-10 17:00:00,,,nan,mount airy,10,2015,,
186158,139004185.03,theft -(all other larceny),2913-02 (23h) -theft -(all other larceny),2013-02-14 14:00:00,,,nan,spring grove village,02,2013,,
186518,21004286.01,theft -(all other larceny),2913-02 (23h) -theft -(all other larceny),2010-09-25 14:30:00,,,nan,california,09,2010,,
186961,41006663.03,theft -(motor vehicle),2913-02 (24o) -theft -(motor vehicle),2010-10-03 22:00:00,,,nan,hartwell,10,2010,,
187133,11103619.02,burglary,2911-12 (220) -burglary,2011-09-04 15:30:00,,,nan,over-the-rhine,09,2011,,
187206,41106123.02,aggravated robbery,2911-01 (120) -aggravated robbery,2011-09-23 01:00:00,,,nan,roselawn,09,2011,,
187309,139034948.01,theft -(motor vehicle),2913-02 (24o) -theft -(motor vehicle),2013-12-31 00:01:00,,,nan,camp  washington,12,2013,,
188530,169018633.01,theft -(from motor vehicle),2913-02 (23f) -theft -(from motor vehicle),2016-07-19 16:00:00,,,nan,west  end,07,2016,,
189136,31010299.02,aggravated menacing,2903-21 (13c) -aggravated menacing,2010-10-11 18:00:00,,,nan,fay apartments,10,2010,,
189157,179000839.02,theft -(motor vehicle),2913-02 (24o) -theft -(motor vehicle),2017-01-08 09:00:00,,,nan,-,01,2017,,
189304,139032305.05,domestic violence -(simple assault),2919-25 (13b) -domestic violence -(simple assault),2013-11-21 18:00:00,,,nan,camp  washington,11,2013,,
189826,129003929.02,telecommunications harassment,2917-21 (90z) -telecommunications harassment,2012-02-14 15:00:00,,,nan,west  end,02,2012,,
189829,41106400.02,menacing,2903-22 (13c) -menacing,2011-10-02 14:00:00,,,nan,avondale,10,2011,,
190032,139020760.02,domestic violence -(simple assault),2919-25 (13b) -domestic violence -(simple assault),2013-08-05 15:50:00,,,nan,west  end,08,2013,,
190094,139013757.02,theft -(motor vehicle),2913-02 (24o) -theft -(motor vehicle),2013-06-01 15:00:00,,,nan,roselawn,06,2013,,
190111,41101391.02,criminal damaging/endangering,2909-06 (290) -criminal damaging/endangering,2011-03-03 17:30:00,,,nan,walnut hills,03,2011,,
190708,139025284.01,aggravated menacing,2903-21 (13c) -aggravated menacing,2013-09-16 15:33:00,,,nan,over-the-rhine,09,2013,,
191994,129017536.02,theft -(theft from building),2913-02 (23d) -theft -(theft from building),2012-06-14 11:30:00,,,nan,c. b. d. / riverfront,06,2012,,
192655,129035484.01,theft -(all other larceny),2913-02 (23h) -theft -(all other larceny),2012-12-03 19:30:00,,,nan,west price hill,12,2012,,
192995,139006870.03,theft -(shoplifting),2913-02 (23c) -theft -(shoplifting),2013-03-18 14:45:00,,,nan,oakley,03,2013,,
193276,11104087.03,burglary,2911-12 (220) -burglary,2011-10-07 15:00:00,,,nan,over-the-rhine,10,2011,,
193879,179034494.02,aggravated menacing,2903-21 (13c) -aggravated menacing,2017-08-24 19:30:00,,,nan,carthage,08,2017,,
194656,179046004.01,criminal damaging/endangering,2909-06 (290) -criminal damaging/endangering,2017-10-24 17:30:00,,,nan,camp  washington,10,2017,,
196156,169031441.01,endangering children,2919-22 (13a) -endangering children,2016-11-24 15:20:00,,,nan,-,11,2016,,
196206,169033693.02,domestic violence -(simple assault),2919-25 (13b) -domestic violence -(simple assault),2016-12-24 22:18:00,,,nan,-,12,2016,,
196509,179024343.04,assault -(simple assault),2903-13 (13b) -assault -(simple assault),2017-06-25 20:40:00,,,nan,spring grove village,06,2017,,
197890,179012904.01,theft -(all other larceny),2913-02 (23h) -theft -(all other larceny),2017-04-11 20:30:00,,,nan,-,04,2017,,
199741,179009615.01,domestic violence -(aggravated assault),2919-25 (13a) -domestic violence -(aggravated assault),2017-03-22 13:00:00,,,nan,carthage,03,2017,,
202154,179004034.03,felonious assault -(aggravated assault),2903-11 (13a) -felonious assault -(aggravated assault),2017-02-12 15:10:00,,,nan,camp  washington,02,2017,,
202182,179014903.01,criminal damaging/endangering,2909-06 (290) -criminal damaging/endangering,2017-04-27 17:45:00,,,nan,-,04,2017,,
206475,179023329.02,criminal damaging/endangering,2909-06 (290) -criminal damaging/endangering,2017-06-20 07:58:00,,,nan,camp  washington,06,2017,,
219457,179011324.02,criminal damaging/endangering,2909-06 (290) -criminal damaging/endangering,2017-04-03 20:00:00,,,nan,roselawn,04,2017,,
219976,179028250.02,assault -(simple assault),2903-13 (13b) -assault -(simple assault),2017-07-19 19:30:00,,,nan,california,07,2017,,
221087,179025899.03,theft -(motor vehicle),2913-02 (24o) -theft -(motor vehicle),2017-07-07 19:54:00,,,nan,-,07,2017,,
225927,179001127.01,assault -(simple assault),2903-13 (13b) -assault -(simple assault),2017-01-12 19:30:00,,,nan,oakley,01,2017,,
230354,179046627.01,domestic violence -(simple assault),2919-25 (13b) -domestic violence -(simple assault),2017-10-29 20:15:03,,,nan,evanston,10,2017,,
234529,179020056.01,criminal damaging/endangering,2909-06 (290) -criminal damaging/endangering,2017-06-01 17:30:00,,,nan,fay apartments,06,2017,,
237932,179020726.03,theft -(motor vehicle),2913-02 (24o) -theft -(motor vehicle),2017-06-04 21:30:00,,,nan,-,06,2017,,
238332,179013899.01,vehicular vandalism,2909-09 (290) -vehicular vandalism,2017-04-19 17:41:00,,,nan,avondale,04,2017,,
240497,179042927.01,theft -(motor vehicle),2913-02 (24o) -theft -(motor vehicle),2017-09-22 04:00:00,,,nan,-,09,2017,,
240864,179014670.02,theft -(motor vehicle),2913-02 (24o) -theft -(motor vehicle),2017-04-25 21:00:00,,,nan,-,04,2017,,
242878,179021979.01,criminal damaging/endangering,2909-06 (290) -criminal damaging/endangering,2017-06-13 13:28:00,,,nan,carthage,06,2017,,
